{"cameraMode":{"drawMode":0,"name":"Shaded","section":"Shading Mode"},"sceneLighting":true,"audioPlay":false,"sceneViewState":{"showFog":true,"showMaterialUpdate":false,"showSkybox":true,"showFlares":true,"showImageEffects":true,"showParticleSystems":true},"in2DMode":false,"pivot":{"x":76.02523803710938,"y":-30.298036575317384,"z":55.91835021972656},"rotation":{"x":0.509286642074585,"y":-0.1494349092245102,"z":0.0903136283159256,"w":0.842706024646759},"size":245.3944091796875,"orthographic":false}