{"cameraMode":{"drawMode":0,"name":"Shaded","section":"Shading Mode"},"sceneLighting":true,"audioPlay":false,"sceneViewState":{"showFog":true,"showMaterialUpdate":false,"showSkybox":true,"showFlares":true,"showImageEffects":true,"showParticleSystems":true},"in2DMode":false,"pivot":{"x":84.955322265625,"y":1.0437157154083253,"z":54.18695068359375},"rotation":{"x":-0.4776943325996399,"y":0.5184704661369324,"z":-0.543333888053894,"w":-0.455835223197937},"size":291.433837890625,"orthographic":false}